CUSTID|ADDRESS
1|Lnlck Shopping Center, Anniston, AL 36201
2|Center Ridge, AR 72027
3|9878 North Metro Parkway East, Phoenix, AZ 85051
4|2896 Fairfax Street, Denver, CO 80207
5|Mesa Mall, Grand Junction, CO 81501
6|168 Hillside Avenue, Hartford, CT 06106
7|1025 Vermont Avenue Northwest, Washington, DC 20005
8|697 North Dupont Boulevard, Milford, DE 19963
9|1915 North Republic De Cuba Avenue, Tampa, FL 33602
10|2406 North Slappey Boulevard, Albany, GA 31701
11|98-1247 Kaahumanu, Aiea, HI 96701
12|103 West Main, Ute, IA 51060
13|335 Deinhard Lane, Mc Call, ID 83638
14|8922 South 1/2 Greenwood Avenue, Chicago, IL 60619
15|239 West Monroe Street, Decatur, IN 46733
16|827 Frontage Road, Agra, KS 67621
17|508 West 6th Street, Lexington, KY 40508
18|5103 Hollywood Avenue, Shreveport, LA 71109
19|79 Power Road, Westford, MA 01886
20|5105 Berwyn Road, College Park, MD 20740
21|47 Broad Street, Auburn, ME 04210
22|470 South Street, Ortonville, MI 48462
23|404 Wilson Avenue, Faribault, MN 55021
24|5933 Mc Donnell Boulevard, Hazelwood, MO 63042
25|918 East Main Avenue, Lumberton, MS 39455
26|107 A Street East, Poplar, MT 59255
27|Village Shps Of Bnr, Banner Elk, NC 28604
28|2601 State Street, Bismarck, ND 58501
29|207 South Bell Street, Fremont, NE 68025
30|107 State Street, Portsmouth, NH 03801
31|1413 State Highway #50, Mays Landing, NJ 08330
32|I-25 Highway 87, Raton, NM 87740
33|516 West Goldfield Avenue, Yerington, NV 89447
34|2787 Bway Way, New York, NY 10001
35|1380 Bethel Road, Columbus, OH 43220
36|305 Main, Fort Cobb, OK 73038
37|17375 Southwest Tualatin Valley Hwy, Beaverton, OR 97006
38|101 north pinebridge street, anytown md 99999
39|101 pinebridge street, anytown md 99999
40|101 pinebridge street south, anytown md 99999